0,27.627750396728516,4.548521461486817,2.83,10.0
1,25.763212203979492,3.870413451766968,10.62,32.47
2,23.017427444458008,3.6615722896575926,14.69,38.89
3,21.687564849853516,3.5013348754882814,16.74,43.82
4,20.1307373046875,3.169132071685791,22.88,51.96
5,19.063488960266113,2.908268971252441,26.5,58.23
6,18.026601791381836,2.5719273864746093,34.25,66.2
7,18.21985149383545,2.5043919078826904,34.47,67.12
8,16.058658123016357,2.3960956565856932,38.25,69.61
9,15.882416725158691,2.0868410327911375,43.92,76.72
10,15.320621490478516,1.9969923711776734,46.0,77.96
11,15.425349712371826,1.9707545291900634,47.39,78.13
12,14.77727222442627,1.8806757534027099,49.44,79.61
13,14.048399448394775,1.8616195308685304,49.39,80.74
14,13.84189748764038,1.8114617370605468,50.54,81.5
15,13.846936225891113,1.7153154356002807,53.27,82.77
16,13.900627136230469,1.7587341144561768,52.06,81.64
17,13.848703384399414,1.6731353418350219,54.35,84.19
18,13.455132961273193,1.5451336448669433,57.3,85.51
19,13.622566223144531,1.5724990636825562,56.01,85.23
20,13.032155990600586,1.6300794094085693,55.62,83.52
21,13.002764701843262,1.6145405857086181,55.47,84.51
22,13.14570140838623,1.4705289344787598,58.74,86.58
23,13.300041198730469,1.5758780252456666,56.64,85.16
24,13.604219436645508,1.536835553741455,57.71,85.75
25,12.797116756439209,1.455458867263794,60.22,87.07
26,12.726272106170654,1.5735175449371337,56.61,85.1
27,12.482870101928711,1.571457598876953,56.48,84.89
28,12.460911750793457,1.5350363367080688,58.23,85.8
29,11.986340045928955,1.7294917470932007,54.41,82.47
30,12.583329677581787,1.6075670652389527,56.21,84.34
31,13.044257640838623,1.447126284790039,60.49,86.36
32,13.156987190246582,1.6522771640777587,55.49,83.88
33,12.844512462615967,1.562185369682312,57.14,84.72
34,12.681594371795654,1.5547396785736085,58.05,85.46
35,12.143099308013916,1.4659040012359619,60.24,86.73
36,12.771621227264404,1.4498848178863526,60.25,86.6
37,13.443241596221924,1.4508640466690064,59.88,86.67
38,12.75136947631836,1.5338030815124513,58.05,85.57
39,12.511685371398926,1.3928939149856567,61.52,87.68
40,12.12226152420044,1.3284079874038697,63.37,88.5
41,12.052195072174072,1.4369351357460023,61.42,86.91
42,12.108823776245117,1.4827790975570678,59.13,86.27
43,12.032946109771729,1.3901045537948609,62.05,87.1
44,11.989004135131836,1.6576196640014649,56.42,83.98
45,13.14395523071289,1.500492516708374,59.32,86.15
46,11.603290557861328,1.4362099031448363,60.21,87.26
47,12.037052154541016,1.4477010276794433,60.29,86.83
48,12.17172908782959,1.360723907852173,62.8,88.5
49,12.012572765350342,1.6736885311126708,55.22,83.26
50,12.894142627716064,2.4407148132324217,43.64,69.84
51,12.181708335876465,1.7888807489395142,53.32,82.31
52,11.463356494903564,1.4740016582489013,60.1,86.16
53,12.24356460571289,1.4136348571777344,61.19,87.11
54,12.353263854980469,1.5589625953674315,58.16,85.81
55,12.24157428741455,1.5033421281814576,59.32,86.01
56,12.571997165679932,1.3872470785140991,62.4,87.06
57,11.824120998382568,1.5463619543075562,58.6,84.95
58,12.260361671447754,1.330093469429016,62.74,88.54
59,12.001220703125,1.3794482969284059,61.86,88.26
60,11.972875595092773,1.3329017990112304,63.57,88.56
61,12.01117467880249,1.4324138706207274,61.02,86.93
62,12.458887577056885,1.249052009677887,65.35,89.91
63,11.466717720031738,1.5004172317504882,59.36,86.17
64,11.749901294708252,1.3575189414978028,63.19,88.16
65,11.57033109664917,1.4492207704544067,60.48,86.56
66,12.044206142425537,1.311135092163086,63.93,88.65
67,12.572848796844482,1.2754279279708862,65.23,88.9
68,11.403643131256104,1.3629605302810668,62.97,88.49
69,12.246650218963623,1.5168147338867188,57.94,86.48
70,11.779507160186768,1.59128684425354,57.62,84.36
71,11.286168575286865,1.272877812385559,64.52,89.46
72,12.463323593139648,1.5524978809356689,58.32,84.94
73,12.089179992675781,1.3293835384368897,63.8,88.87
74,12.118834972381592,1.948197666168213,49.89,78.17
75,11.902480125427246,2.0203288269042967,49.08,77.64
76,12.826143741607666,1.3806358068466187,62.25,87.73
77,11.991833686828613,1.874865253829956,51.66,79.86
78,11.897649765014648,1.3404464269638061,62.87,88.53
79,11.761366367340088,1.6415524740219116,57.2,84.37
80,11.610931396484375,1.2841420406341553,64.37,89.67
81,11.302175998687744,1.6220830932617187,57.74,84.19
82,11.719312191009521,1.7485888195037842,54.68,81.15
83,11.874794960021973,1.9791612556457518,50.08,78.46
84,11.298950672149658,1.772721019554138,54.79,81.56
85,11.665870189666748,1.7669730297088624,55.26,82.6
86,12.009381771087646,1.3508527812957765,62.59,88.35
87,12.116652488708496,1.574133793258667,58.62,84.85
88,11.440979480743408,2.2079635261535646,47.19,74.03
89,12.813260555267334,1.447978914642334,61.54,86.34
90,11.701993942260742,2.1778562238693238,46.66,75.39
91,11.14067554473877,2.985093811798096,39.76,65.06
92,12.075221061706543,1.4517765701293945,60.9,86.65
93,12.186269760131836,1.801533003616333,53.48,81.01
94,12.033816814422607,1.572524683380127,57.89,84.13
95,11.811505794525146,1.394839708328247,61.79,87.5
96,11.673190116882324,1.3852519386291504,62.14,87.8
97,12.007923126220703,2.299603052139282,45.58,74.2
98,12.272383689880371,1.4062787811279296,62.09,87.42
99,11.618382930755615,2.1118649169921877,49.89,78.32
100,11.771965503692627,1.406982759284973,62.11,87.67
101,12.465689182281494,1.4174536750793456,62.09,88.05
102,11.607736587524414,1.312836441040039,63.84,88.53
103,12.046310424804688,1.5160381141662598,59.7,85.0
104,11.700197696685791,1.500097391319275,59.72,86.86
105,11.964631080627441,1.4357428325653077,61.05,87.14
106,11.343430995941162,2.0867339181900024,47.67,75.34
107,11.867769241333008,1.471535301589966,60.48,86.73
108,11.548804759979248,1.2532182996749879,65.24,89.8
109,11.547233581542969,1.5852968475341798,58.81,84.35
110,11.784053802490234,1.7274696182250977,55.28,82.45
111,11.6708083152771,1.3327235103607178,63.39,88.05
112,11.944598197937012,1.3573390773773193,62.99,87.88
113,11.874525547027588,1.3315911989212037,63.28,88.76
114,11.345736503601074,1.4749454967498778,60.61,86.21
115,12.23363447189331,1.4547645259857178,60.62,86.68
116,11.974074840545654,1.5931526924133301,57.25,84.43
117,11.835140228271484,1.4730286964416504,60.4,85.98
118,11.561447620391846,1.545435622406006,59.28,85.32
119,11.787431240081787,1.9142447883605958,53.8,80.9
120,11.88263988494873,1.2240476217269898,66.75,89.83
121,11.676522731781006,1.4866263885498048,60.46,85.77
122,11.382002830505371,1.6760847663879395,56.92,82.02
123,12.375889778137207,1.7215190601348878,55.81,82.45
124,12.30255937576294,1.6982400260925292,55.71,82.66
125,11.923824310302734,1.7342371641159058,55.6,81.76
126,10.964257717132568,1.4821410957336425,60.19,85.99
127,11.917203903198242,2.3043232513427734,45.21,73.49
128,11.679827213287354,1.3881726085662842,62.03,87.63
129,11.747143745422363,1.6641950706481934,56.47,83.58
130,11.235472679138184,1.383861646270752,63.05,87.63
131,10.93676233291626,1.4306331722259522,61.31,87.11
132,10.930791854858398,1.472138328552246,60.04,86.52
133,11.398187637329102,1.897213787841797,52.47,80.88
134,11.232968807220459,1.5155917264938354,59.67,85.33
135,11.747811794281006,3.444895485687256,30.35,56.52
136,11.203884601593018,1.2682804649353028,65.13,89.89
137,11.176663398742676,1.4976555679321288,59.88,86.14
138,12.033098220825195,1.7170347846984864,54.89,82.72
139,11.913301944732666,1.410588999938965,61.48,87.82
140,11.442049503326416,2.202456459617615,47.63,73.9
141,12.106600761413574,1.3777148286819458,62.59,87.65
142,11.640147686004639,1.4353156829833984,61.59,87.36
143,11.944356441497803,1.7655989631652833,54.22,81.42
144,10.985949039459229,1.6315910537719727,57.29,83.31
145,11.641771793365479,1.4726751514434815,60.76,86.18
146,12.241026401519775,1.8681372065544128,53.2,80.08
147,11.625945568084717,2.1246698949813845,47.32,73.72
148,11.177699565887451,1.2207334842681885,66.19,90.0
149,10.617547035217285,0.8228556350708007,76.83,94.81
150,9.75647258758545,0.8134384071350098,77.34,94.89
151,9.193516731262207,0.7922858027458191,78.0,95.29
152,9.285911560058594,0.7637643884658813,78.78,95.7
153,9.099280834197998,0.7792507668495178,78.28,95.39
154,10.094436645507812,0.745762291431427,79.26,95.78
155,9.535243034362793,0.7978348063468933,78.01,95.25
156,9.197180271148682,0.7501341632843017,78.92,95.83
157,9.542407512664795,0.755034810256958,79.25,95.67
158,9.109172344207764,0.7407886903762817,79.75,95.71
159,9.43289041519165,0.7419710893630982,79.6,95.71
160,9.379806518554688,0.7443301298141479,79.38,95.82
161,8.819397449493408,0.7864620073318481,78.55,95.31
162,9.006031036376953,0.7383763065338135,80.01,95.89
163,9.191640853881836,0.7411784624099731,79.77,95.86
164,9.329458713531494,0.7519162887573242,79.72,95.47
165,9.141347408294678,0.7475557895660401,79.77,95.69
166,8.384169578552246,0.7920516736984253,78.21,95.32
167,8.668861389160156,0.7756318878173828,78.89,95.57
168,8.61717414855957,0.7552838584899902,79.91,95.7
169,9.634491920471191,0.7953824232101441,78.88,95.3
170,8.822904109954834,0.7627791799545288,79.49,95.48
171,8.939765930175781,0.7923355509757996,78.5,95.22
172,9.047184467315674,0.7508437845230103,79.96,95.7
173,8.548376560211182,0.7669844257354737,79.15,95.28
174,8.390351295471191,1.1059277475357057,70.74,91.56
175,8.598132610321045,0.7554787370681763,79.75,95.6
176,8.816646575927734,0.8214201885223389,78.05,94.89
177,8.09307050704956,0.7869028324127197,78.75,95.02
178,9.218375205993652,0.7799280366897583,78.87,95.45
179,8.791779518127441,0.7006293354988098,81.22,96.17
180,9.318216800689697,0.6951521834373474,81.55,95.96
181,8.648350238800049,0.6904057649612427,81.85,96.16
182,8.648439407348633,0.6923335079193115,81.68,96.23
183,9.166913032531738,0.6886852066040039,81.93,96.33
184,8.131451606750488,0.6859550067901611,81.93,96.22
185,8.584400177001953,0.689637110710144,81.96,96.25
186,9.268639087677002,0.6882759675979614,82.03,96.26
187,8.487016677856445,0.688636953830719,82.01,96.39
188,8.421905517578125,0.6867779172897339,82.0,96.41
189,8.089623928070068,0.6908411581993104,81.88,96.39
190,8.19343376159668,0.689916199874878,82.08,96.31
191,7.7834391593933105,0.6846709842681885,82.07,96.32
192,8.698811054229736,0.689973127746582,81.92,96.42
193,8.479248046875,0.691617373752594,81.83,96.42
194,8.04203462600708,0.6884950048446655,81.87,96.5
195,7.565903663635254,0.6871059379577636,82.0,96.45
196,8.791800498962402,0.691183681678772,82.09,96.34
197,8.358808517456055,0.6854151009559631,82.22,96.31
198,8.902787208557129,0.6881725343704224,81.84,96.39
199,8.352283477783203,0.6884057622909546,81.82,96.4
200,8.41392707824707,0.6872747274398804,82.09,96.58
201,7.99125337600708,0.6959267153739929,81.98,96.22
202,8.244537830352783,0.6894706199645996,82.11,96.31
203,8.18367314338684,0.6878587348937988,81.98,96.41
204,7.771949291229248,0.6875104922294617,81.92,96.35
205,9.016836166381836,0.6915884517669678,81.87,96.36
206,7.773366928100586,0.6895744718551636,82.17,96.33
207,9.119211196899414,0.6929233024597168,82.21,96.35
208,8.550963878631592,0.6900945957183838,82.21,96.25
209,8.933227062225342,0.6872759510993958,82.19,96.29
210,8.531371116638184,0.6879885053634643,82.28,96.29
211,8.436866760253906,0.6882523126602172,82.13,96.36
212,8.380961894989014,0.6843840877532958,82.27,96.3
213,8.517910957336426,0.6868152252197266,82.16,96.4
214,8.267476081848145,0.6863624751091003,82.1,96.37
215,8.365686416625977,0.6838912036895752,82.19,96.41
216,8.232991456985474,0.6854505392074585,82.21,96.38
217,8.202165603637695,0.6852585497856141,82.14,96.35
218,7.846184730529785,0.68485904712677,82.22,96.42
219,8.246909141540527,0.6853380789756774,82.18,96.29
220,8.528843402862549,0.6889943622589111,82.03,96.31
221,8.389880180358887,0.6856983501434326,82.36,96.37
222,8.595656871795654,0.6896682664871215,82.1,96.45
223,8.761693954467773,0.6883255954742432,82.0,96.45
224,8.114110469818115,0.6847003541946411,82.25,96.26
225,8.285324096679688,0.6834836919784546,82.29,96.41
226,8.447457313537598,0.6901855754852295,82.28,96.35
227,8.30007266998291,0.6867926221847535,82.18,96.41
228,8.372425556182861,0.6846030271530151,82.16,96.39
229,7.777091979980469,0.687167398071289,82.12,96.37
230,8.467275619506836,0.6843403467178345,82.31,96.41
231,7.915557384490967,0.6818076951980591,82.16,96.4
232,8.051254749298096,0.6827973572731018,82.19,96.39
233,8.154134750366211,0.6852399198532104,82.16,96.35
234,8.465667247772217,0.6833742366790772,82.36,96.35
235,7.741687059402466,0.6858326848983765,82.25,96.34
236,8.516765594482422,0.6862081121444702,82.22,96.34
237,7.938937187194824,0.6838188022613525,82.21,96.46
238,7.582745313644409,0.6850215185165405,82.19,96.35
239,8.642179489135742,0.6832955930709839,82.44,96.45
