0,8.925590096435547,5.283519352722168,1.24,4.24
1,8.058783767700195,4.559325042724609,7.65,22.32
2,7.251225831604004,4.144530974197387,11.78,30.94
3,6.506787516174317,3.806599353790283,16.32,39.68
4,5.8798697598266605,3.5297606491088866,20.86,46.78
5,5.412018837280273,3.085738523101807,29.13,56.48
6,5.057021647338868,3.079307294845581,29.57,57.16
7,4.782547264251709,2.9509886260986327,31.3,59.57
8,4.553021013183594,2.827773968887329,34.44,62.04
9,4.373275190734863,2.775817646789551,35.5,63.62
10,4.229617582397461,2.6373595796585083,38.39,66.52
11,4.117754654541016,2.633373600769043,38.34,66.18
12,4.023841307983399,2.5280694107055663,40.6,68.85
13,3.9467627156066896,2.5309344436645507,40.04,68.5
14,3.8662392054748533,2.51482420463562,41.24,68.86
15,3.8178431977081297,2.6683036994934084,37.51,66.0
16,3.7601181164550783,2.480072119140625,42.23,69.33
17,3.7227259732818605,2.389142583847046,43.53,71.55
18,3.67862705078125,2.454528785705566,42.96,70.09
19,3.646200149383545,2.443807580566406,42.56,70.4
20,3.611092259063721,2.2938443298339846,46.1,72.91
21,3.580769937210083,2.27860353012085,46.71,73.59
22,3.547954616165161,2.4589134189605715,42.26,70.17
23,3.5247722232055665,2.365418214416504,45.01,71.96
24,3.5066070234680176,2.2540163887023925,46.79,74.31
25,3.4800328060913084,2.3407576915740966,44.95,71.67
26,3.459584019622803,2.3062760543823244,45.91,72.73
27,3.4397289990997315,2.3521584930419923,45.1,72.14
28,3.425021228942871,2.3497588497161863,44.46,71.99
29,3.414638380279541,2.3327005420684817,45.1,71.93
30,3.3925309622192383,2.483499018859863,42.32,70.08
31,3.3859172216796876,2.3779073947906495,44.83,72.11
32,3.3643059080505373,2.233348260498047,47.43,74.47
33,3.345929604949951,2.169819816970825,48.39,74.68
34,3.339874726486206,2.3614376499176024,45.68,71.69
35,3.3287796517944335,2.244073123931885,47.42,73.82
36,3.315846244659424,2.282313895225525,45.69,73.42
37,3.304898507080078,2.245632727622986,47.47,74.01
38,3.2859088790130615,2.2033878273010252,48.28,74.41
39,3.285885553665161,2.2508550708770754,47.8,74.49
40,3.2794537787628175,2.2806151237487793,46.95,72.9
41,3.2709064808654786,2.2909619071960448,46.06,73.87
42,3.2642875437927246,2.195681360626221,48.93,74.98
43,3.2596346323394774,2.17800209274292,48.55,75.2
44,3.2491205937194825,2.2720927654266356,47.01,73.85
45,3.247035837097168,2.23909335975647,47.73,73.93
46,3.2393243727874754,2.3592170310974123,44.89,71.84
47,3.2282624030303957,2.284217979431152,47.02,72.91
48,3.229320936355591,2.3118688022613525,46.62,72.08
49,3.2194411062622073,2.2745885349273682,46.84,73.78
50,3.220119567718506,2.140572838973999,49.53,75.22
51,3.2017724476623535,2.192603602218628,47.86,74.39
52,3.2073955603790285,2.4003130027770996,44.47,71.35
53,3.200553807220459,2.178631526184082,48.95,75.18
54,3.2043396788024903,2.11583957901001,50.17,76.4
55,3.1951872228240967,2.1633257862091066,49.99,75.43
56,3.193704708938599,2.1642348625183105,48.9,75.28
57,3.1931410568237304,2.290397254562378,46.58,73.16
58,3.1813492600250246,2.422800844192505,43.99,70.66
59,3.1865820798492432,2.2317167655944825,47.5,74.58
60,3.17949076751709,2.155966688156128,49.53,75.33
61,3.1750535424041746,2.2105437984466554,48.85,75.08
62,3.1728465230560303,2.1158404735565184,50.61,76.58
63,3.1723838793182373,2.141261975097656,49.57,75.49
64,3.1660420401000975,2.3062966598510743,45.86,72.66
65,3.167520671081543,2.1846340309143066,48.05,75.01
66,3.1670128826141357,2.382581081008911,44.89,71.83
67,3.1523286393737795,2.135329082489014,50.45,76.13
68,3.167264602737427,2.250236985015869,47.34,74.79
69,3.1545960260772703,2.162105280303955,49.29,75.94
70,3.146444510650635,2.293121442604065,45.52,73.37
71,3.151097810821533,2.093305779647827,50.86,76.53
72,3.149686703338623,2.2407959800720216,47.42,74.06
73,3.1435470622253416,2.1387813400268554,49.42,76.41
74,3.141312784423828,2.224383892059326,47.66,74.17
75,3.1330749346923827,2.299573349761963,46.78,72.82
76,3.1389226625061033,2.113999713516235,50.69,76.67
77,3.136829320220947,2.3723117683410644,44.98,71.54
78,3.133536405181885,2.086096090698242,50.84,76.74
79,3.1336361961364747,2.203590668487549,48.29,74.26
80,3.1267929969787596,2.157466436767578,49.95,75.62
81,3.133737522201538,2.0919260799407957,50.79,76.8
82,3.119205326461792,2.2178335605621338,48.14,74.11
83,3.133827717514038,2.3597930408477783,45.86,72.44
84,3.116594072418213,2.121717225265503,50.47,75.55
85,3.122072772140503,2.2250746452331542,47.87,74.31
86,3.1222356564331055,2.04520607585907,51.59,77.71
87,3.115575050430298,2.155290655517578,49.5,75.83
88,3.118532162780762,2.0935235988616943,50.6,77.37
89,3.1148098091125487,2.246070913696289,47.95,73.99
90,3.118296999053955,2.229626194000244,48.05,74.01
91,3.1095280921173094,2.263511011505127,46.92,73.42
92,3.107351427078247,2.1009316482543947,50.51,76.13
93,3.1132860175323485,2.189148539733887,48.51,75.27
94,3.1097843177795412,2.1479395629882814,49.7,75.79
95,3.1069399963378905,2.089203953552246,50.97,76.15
96,3.1072443866729738,2.176428841018677,48.78,75.08
97,3.10016256401062,2.1061907138824463,51.02,76.58
98,3.0911565209198,2.0560435562133788,51.63,77.52
99,3.108979291381836,2.1523354259490968,49.7,75.91
100,3.1082504665374757,2.079351128768921,51.27,77.07
101,3.10158516456604,2.20385905380249,49.69,74.96
102,3.099339609527588,2.2214160221099855,48.49,74.05
103,3.1067663081359864,2.0864273849487303,51.19,76.88
104,3.1001576260375976,2.1555594886779783,49.94,76.09
105,3.0868642724609376,2.128184605026245,49.7,76.13
106,3.0989374967956542,2.215644029998779,48.55,74.82
107,3.099617847137451,2.1944019058227537,48.36,74.87
108,3.086682035751343,2.155438722229004,48.98,75.4
109,3.095318663330078,2.1072978675842284,50.54,76.48
110,3.0902388674926757,2.1380156074523926,49.22,75.73
111,3.094647382965088,2.021444348526001,51.97,77.81
112,3.091735242767334,2.1616627597808837,49.31,75.59
113,3.0970893830871584,2.129403070449829,50.35,76.18
114,3.0964581859588622,2.2230172843933107,48.04,74.66
115,3.094496193008423,2.11255862197876,50.75,76.49
116,3.086700911102295,2.139570567703247,49.76,76.09
117,3.0961364653778074,2.305158660888672,46.74,72.91
118,3.0842467376708984,2.089414098358154,50.86,76.48
119,3.097842373046875,2.135295902633667,50.42,75.96
120,3.0840863465881347,2.1621500732421874,49.35,75.92
121,3.089343222808838,2.1890234588623048,48.9,74.84
122,3.0895110511779786,2.0530922912597656,51.6,77.11
123,3.0787249099731446,2.1183470092773438,50.18,76.47
124,3.0822427923583984,2.2010581535339355,48.61,75.03
125,3.0815590603637695,2.220983610534668,48.09,74.38
126,3.0790186379241944,2.1350828857421873,49.85,76.16
127,3.08078751625061,2.091386376953125,50.8,76.48
128,3.0892993460083007,2.1444545036315916,49.89,75.51
129,3.0775780339813235,2.0260055669784545,52.43,77.44
130,3.094088358306885,2.156047780227661,49.36,75.45
131,3.0775886307525635,2.354147346878052,45.52,71.69
132,3.078063148498535,2.2343835556030274,48.57,74.38
133,3.0787619901275636,2.1522649673461913,49.45,75.91
134,3.079750351715088,2.2955565498352053,46.16,73.5
135,3.0763799354553223,2.1165432929992676,50.23,76.6
136,3.071960256958008,2.1481442314147947,49.49,75.62
137,3.0746559561920166,2.231301238632202,47.97,74.67
138,3.079778450546265,2.1247119949340822,50.14,75.71
139,3.073840647277832,2.1588021312713623,49.78,75.59
140,3.075093722076416,2.2321215629577638,48.08,74.92
141,3.073307242126465,2.0733821937561037,51.06,76.9
142,3.080272567138672,2.0966651374816894,50.21,76.68
143,3.0776243396759035,2.225563856506348,47.4,74.59
144,3.068479759750366,2.048069761276245,51.73,77.48
145,3.0799653227233885,2.1134727752685545,50.44,76.2
146,3.0701519760894773,2.0428359413146975,51.71,77.74
147,3.0699822621917723,2.2293670372009275,48.44,73.98
148,3.0752279890441896,2.1366807281494142,50.86,76.01
149,2.3919069439697265,1.5118238901138306,65.06,85.82
150,2.1388184928131104,1.4766518089294434,66.19,86.53
151,2.03276997756958,1.4561121124267578,66.37,86.58
152,1.9586475914764405,1.4553016853332519,66.65,86.63
153,1.8933701831054688,1.4441802040100098,66.78,86.91
154,1.8415867346191406,1.451322015762329,66.85,86.77
155,1.7946279747009277,1.449486058807373,67.14,87.07
156,1.7545580325317383,1.4671701782226563,67.32,87.12
157,1.7183976720428467,1.470469548034668,66.96,87.04
158,1.6890516215515137,1.4684789905548095,66.88,87.04
159,1.6611274750137328,1.479883711051941,66.98,86.78
160,1.6398245515060426,1.4772387084960938,67.04,87.0
161,1.6193236420822144,1.5009406009674073,66.45,86.71
162,1.6046638665008546,1.502240493774414,66.37,86.61
163,1.5960275304794311,1.5203323081970215,66.11,86.62
164,1.5854852812576294,1.5195894689559937,66.36,86.47
165,1.5832776264190673,1.5254306739807129,66.14,86.63
166,1.5795022012710571,1.523215807723999,65.71,86.39
167,1.5777302155303956,1.5444001525878905,65.4,86.06
168,1.580965764732361,1.5312979053497315,65.7,86.16
169,1.5811013996505738,1.5393625020980835,65.23,86.41
170,1.5872003552627563,1.561342685699463,64.93,85.97
171,1.5910066229629516,1.5506683826446532,65.53,85.65
172,1.590235601196289,1.541221615600586,65.24,85.63
173,1.5940455444335937,1.5552120838165284,64.8,85.62
174,1.5966758794403075,1.5587338035583496,65.34,86.3
175,1.5995304723739625,1.5697460197448732,64.6,85.87
176,1.6000234453964233,1.581840362739563,64.54,85.73
177,1.5940107344818115,1.5780595558166504,64.53,85.65
178,1.598163411064148,1.6008364517211915,63.82,85.2
179,1.49750747631073,1.5079760765075683,66.99,87.18
180,1.4418163803863526,1.5000315963745117,67.64,87.2
181,1.419004206161499,1.503497216796875,67.59,87.23
182,1.404384747619629,1.5034252693176269,67.61,87.28
183,1.394852568359375,1.5072742027282715,67.5,87.34
184,1.383697493057251,1.5105550872802735,67.54,87.41
185,1.3763976304626464,1.5113814224243165,67.44,87.23
186,1.3697068840026856,1.5120555534362794,67.55,87.39
187,1.365422106513977,1.5080925369262694,67.71,87.36
188,1.3615582027816773,1.5120374565124513,67.55,87.56
189,1.3561898219299315,1.516628193283081,67.63,87.39
190,1.3509535227203369,1.5168670137405396,67.65,87.57
191,1.347032431755066,1.5177904668807984,67.88,87.48
192,1.3454972812652588,1.517276918411255,67.84,87.53
193,1.3420445429229737,1.5207824476242064,67.77,87.67
194,1.340301501350403,1.5178288711547852,67.73,87.65
195,1.3370360581207275,1.5225242530822753,67.67,87.6
196,1.3345560201644897,1.5226104995727539,67.6,87.55
197,1.332474119644165,1.5250240463256837,67.91,87.34
198,1.3297405792236328,1.5246247491836549,67.85,87.53
199,1.3274875567245483,1.5214361833572387,67.81,87.48
200,1.3248031148910522,1.5283222137451171,67.7,87.49
201,1.324864256477356,1.5275802375793457,67.78,87.54
202,1.3227470405960082,1.5244151947021485,67.67,87.5
203,1.3201639608764648,1.5305794479370116,67.51,87.61
204,1.3197491731643676,1.532360659790039,67.65,87.53
205,1.3174939881515504,1.5353056121826172,67.8,87.65
206,1.3157512965393066,1.5338513483047485,67.67,87.61
207,1.3151051053619385,1.534506487083435,67.52,87.59
208,1.3138907152557373,1.5356666397094727,67.63,87.38
209,1.3087285204696655,1.5335345754623413,67.94,87.58
210,1.307852795677185,1.5356389287948609,67.8,87.5
211,1.307341935119629,1.5350046772003174,67.74,87.64
212,1.3065429244613647,1.5342659463882447,67.9,87.56
213,1.3058582824707032,1.5361786338806152,67.84,87.66
214,1.306123253479004,1.5367793598175048,67.73,87.7
215,1.3050159120178222,1.538880682373047,67.85,87.61
216,1.3056057879257201,1.535058916091919,67.67,87.6
217,1.304010440750122,1.534762434387207,67.71,87.61
218,1.303687138900757,1.5320939596176149,67.83,87.68
219,1.3032552089691163,1.5387786792755127,67.64,87.61
220,1.3041883856201173,1.539278098297119,67.73,87.65
221,1.3032712201690675,1.5329469123840331,67.72,87.56
222,1.303172547454834,1.5377618257522583,67.56,87.57
223,1.3032164220428466,1.536571556854248,67.76,87.61
224,1.302755969619751,1.536844097137451,67.85,87.62
225,1.3029240784454346,1.5378518115997315,67.75,87.65
226,1.3021251153945923,1.5368873224258424,67.79,87.6
227,1.3014162635803224,1.5385104623794557,67.87,87.59
228,1.30154768535614,1.5392134971618652,67.84,87.72
229,1.3020727226257325,1.5341560913085937,67.71,87.68
230,1.301577843055725,1.5379786312103272,67.63,87.78
231,1.3012648803329467,1.5352158269882201,67.68,87.65
232,1.301506364173889,1.5395637397766113,67.76,87.6
233,1.300842484397888,1.5371114555358887,67.72,87.58
234,1.3009317547607422,1.5391384101867676,67.79,87.7
235,1.3020695979309083,1.543211894607544,67.71,87.64
236,1.3014601377487183,1.5380416332244873,67.68,87.65
237,1.3005275798416138,1.5388017511367797,67.7,87.59
238,1.300818456878662,1.5385675662994385,67.77,87.71
239,1.299333487815857,1.5435176853179933,67.63,87.72
