0,325.9882101464844,5.323123529052735,0.49,2.63
1,247.5890583203125,5.079736068725586,3.02,11.85
2,210.21129841308593,4.4227544189453125,9.96,27.68
3,193.90348624023437,3.3454245372772218,25.94,53.66
4,179.75347211425782,3.1086516342163084,29.93,58.35
5,173.01759406738282,2.829534644317627,35.25,64.93
6,168.42738373535155,2.8420196044921875,35.36,63.66
7,165.3489941015625,2.6237464248657227,38.69,67.47
8,163.1272368408203,2.6298391368865968,38.87,67.09
9,160.816831796875,2.4829288414001467,41.74,69.98
10,159.34654056640625,2.8957829036712646,34.94,62.12
11,158.04789067382814,2.704302286148071,37.44,66.7
12,163.74252982421876,2.4749716259002685,41.18,70.26
13,158.07139518066407,2.4910326526641846,41.86,70.08
14,156.15815603515625,2.7152445529937745,38.55,65.49
15,155.005320703125,2.5871120101928713,39.74,68.29
16,154.23394504882813,2.3941206607818604,43.48,71.94
17,153.49778570800783,2.5519199890136717,41.72,68.67
18,152.88520248535156,3.330634352874756,29.09,54.32
19,152.1927419873047,2.3913382648468016,44.32,71.88
20,151.6711945751953,3.3061749950408936,29.36,54.72
21,151.07276126464845,2.359280543708801,45.44,72.28
22,150.43170887695314,2.211879335784912,47.78,74.49
23,150.05638485839845,2.4820126430511475,42.68,69.5
24,149.50279,2.391225765991211,44.55,71.14
25,148.55687095703124,2.3210799655914305,44.9,73.15
26,148.01664784179687,2.70803702583313,39.28,65.37
27,147.47761643554688,2.3543394369125368,45.42,72.21
28,146.68309137207032,2.2624084529876707,47.47,73.94
29,146.20613813964843,3.114355507659912,33.1,58.17
30,145.6109281542969,2.443940320587158,42.97,71.37
31,144.88800928222656,2.359530818939209,44.43,72.65
32,144.13401837402344,2.5222506126403808,42.54,69.11
33,143.4620517480469,2.4348614768981935,44.17,71.09
34,142.87763559082032,2.3526561084747315,45.35,72.07
35,142.24817029785157,2.680593440628052,39.76,67.29
36,141.50080342285156,2.372634833908081,44.72,71.65
37,141.05386177734374,2.476553589630127,43.07,70.11
38,140.05103033691407,2.604517938232422,40.69,67.2
39,139.54392186035156,2.3747671577453615,45.12,71.88
40,138.78348648925783,2.6477799127578736,40.68,67.44
41,137.93987977539064,2.6336040576934816,40.52,68.42
42,137.27903286132812,2.410628059387207,44.96,71.24
43,136.56188174316407,2.360697868156433,45.25,72.04
44,135.7571080029297,2.360102967071533,46.06,72.47
45,134.74626198242188,2.5594138664245607,41.27,69.54
46,133.99200348144532,2.5936270446777345,41.94,68.04
47,133.15951149902344,2.368079627990723,45.64,73.36
48,132.32347717773436,2.684611613845825,40.12,66.6
49,131.68459314941407,2.4284647186279296,44.51,70.9
50,130.74655237792967,2.4167916355133054,43.96,71.25
51,129.8594434033203,2.567845217895508,41.52,68.25
52,129.07004337402344,2.828648543548584,36.39,63.85
53,128.1035809399414,2.4507510372161865,43.28,71.06
54,127.188739296875,2.3409309349060057,45.35,72.67
55,126.34287150390625,2.4648685096740723,43.71,70.83
56,125.42738277832031,2.863997508239746,37.05,63.53
57,124.50970031738281,3.5021573806762696,26.28,50.21
58,123.83478466552734,2.1944572025299074,48.43,74.85
59,115.26728047119141,1.5636442710876466,62.2,84.9
60,112.11747857177734,1.533606611251831,63.49,85.32
61,110.38451487792969,1.5105799659729005,63.44,85.65
62,109.15128278808594,1.4887737758636475,64.04,85.93
63,107.93048948242188,1.4667376483917236,64.46,86.16
64,106.76947080566406,1.4703343873977661,64.41,86.44
65,105.72127074951172,1.4817479438781738,64.44,86.1
66,104.74307836425781,1.5413973854064942,63.2,85.09
67,103.61411102294922,1.5097370038986206,63.7,85.72
68,102.71593463623047,1.4737207138061523,64.72,86.24
69,101.7403605834961,1.5375838235855102,62.97,85.56
70,100.65713559082032,1.473629296875,64.48,86.03
71,99.78235311279298,1.4961513172149659,64.06,85.98
72,98.817220703125,1.4991236852645875,64.27,85.85
73,97.81350859375,1.5160743801116943,64.24,85.5
74,96.94544288330079,1.530143783569336,63.19,85.27
75,95.9460293383789,1.5155011131286622,64.07,85.6
76,95.05650697021484,1.54904203414917,63.37,85.13
77,94.15200745605469,1.4919469343185425,64.62,85.99
78,93.10184896728515,1.5386608085632325,63.8,85.51
79,92.06563529296875,1.4613623970031737,64.9,86.3
80,91.05555075927734,1.5438921447753906,62.98,84.8
81,90.09629178466797,1.494076764678955,63.96,86.0
82,89.16030493164062,1.5076223342895507,64.25,85.99
83,88.0726916821289,1.4827994194030762,64.18,85.9
84,87.0968210522461,1.513725970840454,63.96,85.45
85,86.12171284423827,1.5206553287506104,63.31,85.59
86,85.08761773925781,1.6567040500640868,61.72,83.59
87,84.10095145507813,1.5020257221221924,64.38,85.76
88,83.02233897705078,1.491783901977539,64.33,85.77
89,81.97184876220703,1.5574514739990235,62.95,84.88
90,80.97270932373047,1.5031162588119507,64.7,85.71
91,79.90607244384766,1.55172986869812,63.46,85.07
92,78.92543872558593,1.474846353340149,64.48,86.01
93,77.76907397216797,1.5404839630126954,63.63,85.18
94,76.79263571289063,1.5262189632415772,63.85,85.34
95,75.81172906738281,1.5027333101272582,64.28,85.53
96,74.72399817138673,1.5248784393310546,64.08,85.07
97,73.67298552246093,1.601675080680847,62.39,84.08
98,72.61125159423828,1.6022088020324707,62.03,84.2
99,71.53475299804687,1.4626414737701416,64.96,86.12
100,70.59083037353516,1.4771097770690917,65.13,86.27
101,69.53517363769531,1.4846748512268066,64.7,85.57
102,68.41318048095704,1.5633747714996338,63.2,84.09
103,67.4143365625,1.5954190166473388,62.37,84.28
104,66.37227622558594,1.542654028892517,64.0,85.23
105,65.28169160888672,1.4711020847320557,65.59,86.2
106,64.22281564941406,1.4850770360946655,64.66,85.99
107,63.21485984619141,1.5830683519363404,62.68,84.57
108,62.18021533203125,1.4815107509613037,64.88,85.97
109,61.14184294189453,1.4901018661499024,64.12,85.7
110,60.11208050415039,1.481727793121338,64.61,85.84
111,59.07872413452149,1.4488733253479005,65.2,86.04
112,58.11461192260742,1.5525317279815674,63.38,84.87
113,57.080419899902346,1.5149458473205566,63.51,85.22
114,56.03939542480469,1.5403003288269044,63.62,85.01
115,55.04237020507812,1.4852776021957397,64.67,85.71
116,54.058618292236325,1.4693590538024903,65.46,86.03
117,53.04982024658203,1.5458465976715088,63.73,84.95
118,52.06975472290039,1.5718584339141846,63.24,84.79
119,49.89513580322266,1.2989101478576661,69.21,88.16
120,48.60906904174805,1.3025914207458495,69.09,88.11
121,47.548702728271486,1.2906838138580323,69.15,88.2
122,46.5250871875,1.2879502393722535,69.27,88.23
123,45.52117409667969,1.2773212886810303,69.46,88.33
124,44.5966869921875,1.279737981414795,69.5,88.24
125,43.65733428466797,1.2885594108581544,69.24,88.27
126,42.679393012695314,1.286572501373291,69.54,88.24
127,41.75004685913086,1.2813247680664062,69.83,88.18
128,40.834374200439456,1.2784232751846314,69.68,88.35
129,39.955071021728514,1.2830634498596192,69.62,88.35
130,39.012728076171875,1.28309768409729,69.49,88.3
131,38.13959154418945,1.278182890701294,69.75,88.16
132,37.27337954345703,1.280074358177185,69.56,88.49
133,36.42751684448242,1.2774256980895997,69.68,88.29
134,35.52497830078125,1.283477582168579,69.77,88.16
135,34.69004766357422,1.2745113204956056,70.05,88.18
136,33.84487975708008,1.2794250324249268,69.8,88.2
137,32.96771623901367,1.2772838108062745,69.91,88.23
138,32.18292586181641,1.2644178256988525,70.02,88.42
139,31.33987819091797,1.2760661834716798,69.78,88.14
140,30.537184591064452,1.2732864253997802,69.66,88.19
141,29.758552145996095,1.2725695428848267,70.03,88.09
142,28.968794530029296,1.281769352722168,69.82,88.08
143,28.18436278869629,1.2732412672042848,70.15,88.36
144,27.401040927734375,1.2781059190750121,69.72,88.02
145,26.620814503784178,1.2723153171539308,69.99,88.35
146,25.8895381060791,1.2737193103790283,69.96,88.41
147,25.15463991394043,1.266743814086914,70.06,88.29
148,24.40542288269043,1.266973738861084,70.06,88.3
149,23.701144125976562,1.2683382541656494,70.04,88.23
150,23.003827767944337,1.272267086982727,69.95,88.33
151,22.312246916503906,1.2695028150558472,70.06,88.17
152,21.63841731628418,1.2655428821563721,70.06,88.39
153,20.95225909729004,1.267887702178955,70.05,88.37
154,20.27682777709961,1.2678966262817384,70.08,88.28
155,19.62523024536133,1.260676620864868,70.39,88.47
156,18.99704278930664,1.2678359560012817,70.18,88.44
157,18.372593770141602,1.2657083587646485,70.44,88.54
158,17.750235189819335,1.271991693687439,70.24,88.24
159,17.11903220275879,1.2561861057281494,70.52,88.49
160,16.52316654296875,1.2612219619750977,70.42,88.57
161,15.955394674682617,1.2537337871551513,70.49,88.4
162,15.401008063964843,1.261417596435547,70.23,88.52
163,14.853434053649902,1.2519103775024414,70.5,88.41
164,14.306310319824219,1.2562370861053467,70.58,88.49
165,13.800054148864746,1.2625804243087768,70.45,88.43
166,13.283052802734375,1.2547312496185303,70.52,88.44
167,12.80190130706787,1.258053697013855,70.4,88.31
168,12.314747489318847,1.2573867456436156,70.49,88.42
169,11.846956029663087,1.2605155590057373,70.58,88.45
170,11.385015858764648,1.2585806161880493,70.61,88.42
171,10.95382343383789,1.259058861541748,70.5,88.42
172,10.523084075317383,1.2543001901626587,70.53,88.58
173,10.113701578979493,1.256200689315796,70.54,88.65
174,9.71524432861328,1.2547409706115722,70.57,88.49
175,9.34078392944336,1.2595921657562257,70.6,88.41
176,8.958643373413086,1.256378178024292,70.63,88.53
177,8.605877212524414,1.2534657262802125,70.55,88.52
178,8.264447988891602,1.2575704706192017,70.67,88.55
179,7.938358970947266,1.2542997142791747,70.68,88.54
180,7.624087595520019,1.258215781211853,70.56,88.54
181,7.328151187438965,1.2599838785171509,70.75,88.57
182,7.052667263641357,1.2540327674865723,70.75,88.65
183,6.778290023803711,1.2554398834228515,70.6,88.44
184,6.529878149566651,1.257114012145996,70.68,88.51
185,6.288480526123047,1.2515468214035035,70.78,88.55
186,6.067377493286132,1.2596546585083008,70.65,88.55
187,5.852798279724121,1.2528715408325195,70.63,88.57
188,5.664627005004883,1.2479075635910035,70.82,88.58
189,5.485669029846191,1.2583750106811524,70.67,88.54
190,5.322809117889404,1.2587639507293702,70.81,88.52
191,5.173808434295655,1.2518452280044556,70.77,88.63
192,5.0451232604980465,1.2461867782592773,71.02,88.77
193,4.927507652282715,1.2496168466567994,70.89,88.58
194,4.822497521820068,1.245263262939453,70.89,88.62
195,4.73823563583374,1.2543879346847535,70.74,88.65
196,4.663767612762451,1.248002696800232,70.73,88.75
197,4.610899248657226,1.2518987293243409,70.79,88.84
198,4.566463394622803,1.249259844970703,70.65,88.7
199,4.550777062072754,1.2525667053222656,70.79,88.65
