0,373.1912063378906,5.387163425445556,0.95,4.19
1,325.9521231933594,4.513017960357666,7.33,24.25
2,306.77334516601564,4.035792768096924,13.04,35.71
3,296.76302705078126,3.3137019813537596,24.73,52.75
4,289.4616018261719,3.207673383331299,27.47,55.57
5,284.8989325,3.197616061401367,27.72,55.48
6,281.76498862304686,2.884236036682129,32.69,62.04
7,279.2037388183594,2.894273239135742,33.11,62.03
8,276.9899187988281,2.892302894973755,33.41,62.21
9,275.2715619824219,2.9354370819091797,33.99,61.35
10,273.773614375,2.889203515625,35.06,62.04
11,272.4786354296875,2.889375373077393,35.29,61.95
12,271.3160228125,2.734704461669922,37.24,65.07
13,270.26290721679686,2.9526770332336425,34.1,60.37
14,269.223794296875,3.22793363571167,30.02,55.57
15,268.2435377050781,3.1669573348999025,31.71,57.57
16,267.35604233398436,2.697715649795532,39.03,65.85
17,266.4223814453125,2.9658548110961913,35.33,60.93
18,265.5738744628906,2.6211030204772947,40.2,67.68
19,264.718397578125,2.6432713081359864,40.28,67.59
20,263.6598929003906,2.990564559173584,33.53,60.64
21,262.7742530957031,2.8256989807128905,36.78,64.99
22,261.834060078125,2.9412396018981934,35.33,61.14
23,260.99865774414064,2.667386980819702,39.48,67.17
24,260.14192673828126,2.756298063659668,37.63,65.49
25,259.14384529296876,2.510854532623291,42.02,70.11
26,258.25764040039064,2.5724309494018556,41.17,68.82
27,257.2660766308594,2.707961842536926,39.75,66.35
28,256.25133014648435,2.5747042938232423,41.95,68.87
29,255.28543311523438,2.9432518173217774,36.43,61.91
30,254.16922157226563,2.592359356307983,41.07,68.54
31,253.21478674804686,2.715794072341919,39.34,66.2
32,252.1039910546875,3.534660563659668,27.39,51.3
33,250.99390944335937,2.523786653137207,42.57,70.47
34,249.94661826171875,2.696617206573486,40.61,66.02
35,248.7972028173828,2.804734705734253,37.62,63.95
36,247.65099236816405,2.7359870948791505,39.05,65.93
37,246.35764629882812,2.633587731552124,40.24,67.01
38,245.13818303710937,2.635183752441406,40.18,67.45
39,243.97788496582032,2.525882724380493,42.06,69.31
40,242.76334421386719,2.6907696250915527,39.39,66.62
41,241.41833381347655,2.59304158782959,41.3,68.2
42,240.09576751953125,2.67100054397583,39.54,67.06
43,238.73689015625,2.5482716300964356,42.18,68.47
44,237.57593619628906,2.590868593597412,41.52,67.89
45,236.04448194824218,2.519155823516846,42.6,69.49
46,234.6765464453125,2.5241835052490234,42.29,68.64
47,233.28930073242188,2.4473628871917725,44.37,70.48
48,231.77394881347655,2.5506237102508544,42.14,68.1
49,230.38852170410155,2.4808189453125,43.74,69.82
50,228.92319438964844,3.1432033668518065,32.2,57.08
51,227.37503135253905,2.7747527187347414,37.75,64.51
52,225.79318458984375,2.8517869117736816,37.17,63.57
53,224.4968126171875,2.6095283126831053,41.89,68.24
54,222.7996057470703,2.907631791687012,37.21,63.35
55,221.23604292480468,2.7516162197113037,38.5,65.13
56,219.67789282226562,2.5491574241638184,42.45,69.36
57,218.1667278515625,2.5269730312347414,44.28,69.95
58,216.46934583496093,2.434456602859497,44.84,71.14
59,206.71675750488282,1.5908089748382568,61.28,84.53
60,202.2843134716797,1.5246585964202881,63.0,85.61
61,199.60084306640624,1.5301730995178222,63.47,85.44
62,197.27889190429687,1.4813708923339843,64.63,85.76
63,195.09789521484376,1.4629107175827027,65.2,86.34
64,193.06341462402344,1.469598846435547,65.03,86.13
65,191.12632061523436,1.4437909595489502,65.68,86.31
66,189.18124404296876,1.4939768592834473,64.52,85.65
67,187.29018888671874,1.4696290855407714,65.12,86.0
68,185.41360866210937,1.4506436569213867,65.69,86.05
69,183.56442969238282,1.473056745147705,65.09,85.96
70,181.75245325683593,1.4928055278778076,64.92,85.97
71,179.95862293457031,1.4458124774932861,65.74,86.15
72,178.14646057128905,1.4442757228851317,65.86,86.11
73,176.35026481933593,1.4473443756103515,66.02,86.32
74,174.54503942871094,1.462451318359375,65.85,86.1
75,172.75924609863281,1.4746861869812011,65.24,86.05
76,170.974179140625,1.5029137943267823,64.67,85.9
77,169.18022677246094,1.5796476175308227,62.63,84.57
78,167.34185642578126,1.6105311393737793,62.38,83.95
79,165.53868930664063,1.483928843307495,65.6,85.57
80,163.70793906738282,1.5019319190979004,65.02,85.56
81,161.83483505371095,1.4614363876342773,65.26,86.16
82,159.970201796875,1.476493244934082,65.36,85.87
83,158.1047133203125,1.4912391078948974,65.21,85.38
84,156.25490610839844,1.4788594367980956,65.04,86.1
85,154.32795248046875,1.5276702331542968,64.55,84.91
86,152.4425124169922,1.5338493453979491,63.95,85.2
87,150.57217125976564,1.464946844100952,65.69,86.24
88,148.68510005371093,1.4710713682174683,65.31,85.97
89,146.79408275390625,1.4841193000793458,64.97,85.86
90,144.85168859375,1.5164831150054932,64.67,85.13
91,142.94801752441407,1.4879624694824218,65.72,85.6
92,140.99754056640626,1.5553671585083009,63.37,84.96
93,139.11325672363282,1.4902216037750244,65.07,85.57
94,137.15975668945313,1.4769059955596924,65.28,86.11
95,135.23459365234376,1.4912776111602783,65.14,85.91
96,133.254042734375,1.4927784406661988,65.28,85.9
97,131.31277966796875,1.4917434169769288,64.95,86.18
98,129.43948669433593,1.5877155723571776,63.5,84.69
99,127.4968163671875,1.4695717334747314,65.35,85.67
100,125.55593556152344,1.470757785987854,65.99,85.84
101,123.66142904052734,1.4858187683105468,65.29,85.59
102,121.70466625732422,1.4693331663131715,65.5,85.77
103,119.79678201660157,1.4551244995117187,65.81,86.63
104,117.88863393310547,1.4509390365600585,66.08,86.38
105,115.95531839355469,1.4659168750762939,65.91,85.98
106,114.02282683105469,1.5031921169281006,64.73,85.04
107,112.13414487548827,1.4484148591995238,66.16,86.13
108,110.21259084472656,1.5171949840545653,64.98,85.53
109,108.29742838134766,1.4538568336486817,66.02,86.43
110,106.4338533618164,1.4352540145874024,66.46,86.76
111,104.55407757080079,1.4944600547790527,65.51,85.55
112,102.62003805664062,1.5337375694274902,64.32,85.15
113,100.73602866699218,1.5000903232574463,65.0,85.64
114,98.86336658691407,1.4527831672668456,66.13,86.15
115,97.01285200195312,1.4711664009094239,65.83,86.0
116,95.20362853271484,1.558520361328125,63.98,84.47
117,93.35795306640625,1.5299371654510499,64.32,85.33
118,91.5139647290039,1.4465959732055664,66.3,86.57
119,88.51661925292969,1.2661208667755126,70.55,88.73
120,86.33316137695313,1.250995206451416,71.07,88.65
121,84.43575201660157,1.24633960647583,70.85,88.72
122,82.59038363769531,1.242323366546631,71.02,88.77
123,80.7805831274414,1.2404340629577637,71.08,88.74
124,78.99948451416016,1.2397453861236571,71.03,88.72
125,77.24368048095702,1.242688325881958,71.06,88.76
126,75.51098571289063,1.2394545831680297,71.02,88.87
127,73.77740373291016,1.236262650489807,71.13,88.94
128,72.07995766113281,1.234991172027588,71.25,88.69
129,70.37991278564454,1.2372365440368653,71.09,88.92
130,68.68985627929688,1.2364262540817261,71.15,88.83
131,67.04013572509766,1.2354794773101807,71.28,88.86
132,65.39154416259765,1.231110968017578,71.18,88.98
133,63.75958092407227,1.2337172672271728,71.34,88.87
134,62.13214869750976,1.2334068614959717,71.11,88.85
135,60.5404202722168,1.2314619010925294,71.23,88.9
136,58.963135504150394,1.2344108310699462,71.18,88.82
137,57.38932017211914,1.2355706062316894,71.16,88.73
138,55.84408747802734,1.2321682380676269,71.46,88.85
139,54.31577744995117,1.2336422653198242,71.11,88.94
140,52.802034353027345,1.2355709781646729,71.23,88.9
141,51.3143377331543,1.2303683650970458,71.39,89.04
142,49.8261757043457,1.2337515155792236,71.41,88.98
143,48.369612232666015,1.2331316200256348,71.32,89.01
144,46.933471845703124,1.2300077629089357,71.26,89.03
145,45.50791953491211,1.2274842548370362,71.49,89.04
146,44.09718808227539,1.2339488700866699,71.14,88.96
147,42.72251108642578,1.2354782905578614,71.18,89.1
148,41.35578311279297,1.2347587356567382,71.2,88.99
149,40.01581452880859,1.2291962856292724,71.38,89.09
150,38.69041895874023,1.2299483951568604,71.37,89.02
151,37.394419829101565,1.2321379085540771,71.34,89.14
152,36.10978092163086,1.2310539661407471,71.38,88.97
153,34.858523029785154,1.2304498611450196,71.33,89.14
154,33.609836046142576,1.226840054321289,71.31,89.15
155,32.403498305664066,1.2306010765075683,71.31,88.94
156,31.206410220336913,1.22620177154541,71.3,89.02
157,30.034204130249023,1.2284919605255127,71.23,88.99
158,28.887516003417968,1.2323074798583984,71.41,88.9
159,27.73957741088867,1.23028602104187,71.25,89.01
160,26.63766014038086,1.226775961303711,71.22,89.04
161,25.561077365722657,1.228680436706543,71.22,88.94
162,24.51188195373535,1.227195357131958,71.42,88.99
163,23.488650494995117,1.2282378978729247,71.33,88.96
164,22.475579565429687,1.2311629379272462,71.3,89.03
165,21.504532416992188,1.2268482509613037,71.49,89.03
166,20.549624060668947,1.2281827850341798,71.26,88.99
167,19.624637798461915,1.2270383087158203,71.44,88.95
168,18.72301580932617,1.2275176345825196,71.38,89.04
169,17.844246100463867,1.2271704811096191,71.21,88.99
170,16.98950677001953,1.2281057712554933,71.55,88.99
171,16.161978442993163,1.227680595779419,71.52,88.95
172,15.363172708129882,1.226920158958435,71.47,89.11
173,14.591188638305663,1.2276374588012695,71.27,89.07
174,13.843743414916991,1.2283117259979248,71.65,89.04
175,13.12685954498291,1.2275432319641113,71.4,89.08
176,12.427067930603027,1.226174049758911,71.38,89.14
177,11.766658314208984,1.225144832611084,71.48,89.11
178,11.121073161926269,1.2240331508636475,71.46,89.12
179,10.509636422729493,1.2249697605133056,71.36,89.04
180,9.923474753112792,1.2236671794891358,71.6,89.05
181,9.36773540222168,1.226627401161194,71.43,89.12
182,8.836690282287597,1.223317881011963,71.6,89.06
183,8.337293670349121,1.2268968185424804,71.54,89.09
184,7.862447687530517,1.227301885986328,71.32,89.01
185,7.411399858703613,1.2251266565322876,71.48,89.12
186,6.998318868865967,1.2265020221710206,71.57,89.08
187,6.609333072509766,1.2264764905929566,71.44,89.08
188,6.244151673278808,1.226623663520813,71.49,89.16
189,5.91337754486084,1.2249913288116454,71.42,89.14
190,5.609164004669189,1.224211734199524,71.41,89.19
191,5.334114447631836,1.2273046436309814,71.43,89.08
192,5.0853127394104005,1.2294787185668945,71.41,89.11
193,4.867788776245117,1.2261452283859253,71.49,89.08
194,4.67970968170166,1.223455810546875,71.57,89.12
195,4.516279692077637,1.226923931312561,71.44,89.17
196,4.388230478668213,1.2268941719055175,71.37,89.13
197,4.283555793914795,1.2264596420288085,71.35,89.1
198,4.211697062072754,1.22625965423584,71.46,89.06
199,4.16693730102539,1.227209880065918,71.46,89.11
